{"activePodium":1,"randomPodium":false,"podiums":{"1":{"first":{"x":100.5,"y":31.0,"z":0.5,"yaw":-0.450531,"pitch":0.0},"second":{"x":99.5,"y":30.0,"z":0.5,"yaw":15.600952,"pitch":0.0},"third":{"x":101.5,"y":29.0,"z":0.5,"yaw":-9.748016,"pitch":0.0},"view":{"x":100.55111659033027,"y":30.02600202733202,"z":-4.997263390771822,"yaw":0.6000081,"pitch":12.600048}},"2":{"first":{"x":100.5,"y":31.0,"z":0.5,"yaw":90.0,"pitch":0.0},"second":{"x":97.5,"y":30.0,"z":0.5,"yaw":90.0,"pitch":0.0},"third":{"x":103.5,"y":29.0,"z":0.5,"yaw":90.0,"pitch":0.0},"view":{"x":100.5,"y":33.0,"z":-8.5,"yaw":0.0,"pitch":15.0}}}}